<?xml version="1.0" encoding="UTF-8"?>
<!DOCTYPE mapper PUBLIC "-//mybatis.org//DTD Mapper 3.0//EN" "http://mybatis.org/dtd/mybatis-3-mapper.dtd">
<mapper namespace="com.rd.system.mapper.ConstantsMapper">

    <cache type="com.rd.platform.mybatis.MybatisRedisCache"/>

    <resultMap id="BaseResultMap" type="com.rd.system.model.Constants">
        <id column="KEYCODE" jdbcType="VARCHAR" property="keycode" />
        <result column="TYPE_KEY" jdbcType="VARCHAR" property="typeKey" />
        <result column="TYPE_NAME" jdbcType="VARCHAR" property="typeName" />
        <result column="TYPE_MARK" jdbcType="VARCHAR" property="typeMark" />
        <result column="RELATION_KEY" jdbcType="VARCHAR" property="relationKey" />
        <result column="PARENT_KEY" jdbcType="VARCHAR" property="parentKey" />
        <result column="VALUE_STIRNG" jdbcType="VARCHAR" property="valueStirng" />
        <result column="TEXT_STRING" jdbcType="VARCHAR" property="textString" />
        <result column="SORT" jdbcType="DECIMAL" property="sort" />
    </resultMap>

    <insert id="insert" parameterType="com.rd.system.model.Constants">
        insert into PM_OWN.SURVEY_SYS_CONSTANTS
        <trim prefix="(" suffix=")" suffixOverrides=",">
            <if test="keycode != null">
                KEYCODE,
            </if>
            <if test="typeKey != null">
                TYPE_KEY,
            </if>
            <if test="typeName != null">
                TYPE_NAME,
            </if>
            <if test="typeMark != null">
                TYPE_MARK,
            </if>
            <if test="relationKey != null">
                RELATION_KEY,
            </if>
            <if test="parentKey != null">
                PARENT_KEY,
            </if>
            <if test="valueStirng != null">
                VALUE_STIRNG,
            </if>
            <if test="textString != null">
                TEXT_STRING,
            </if>
            <if test="sort != null">
                SORT,
            </if>
        </trim>
        <trim prefix="values (" suffix=")" suffixOverrides=",">
            <if test="keycode != null">
                #{keycode,jdbcType=VARCHAR},
            </if>
            <if test="typeKey != null">
                #{typeKey,jdbcType=VARCHAR},
            </if>
            <if test="typeName != null">
                #{typeName,jdbcType=VARCHAR},
            </if>
            <if test="typeMark != null">
                #{typeMark,jdbcType=VARCHAR},
            </if>
            <if test="relationKey != null">
                #{relationKey,jdbcType=VARCHAR},
            </if>
            <if test="parentKey != null">
                #{parentKey,jdbcType=VARCHAR},
            </if>
            <if test="valueStirng != null">
                #{valueStirng,jdbcType=VARCHAR},
            </if>
            <if test="textString != null">
                #{textString,jdbcType=VARCHAR},
            </if>
            <if test="sort != null">
                #{sort,jdbcType=DECIMAL},
            </if>
        </trim>
    </insert>

    <update id="update" parameterType="com.rd.system.model.Constants">
        update PM_OWN.SURVEY_SYS_CONSTANTS
        <set>
            <if test="typeKey != null">
                TYPE_KEY = #{typeKey,jdbcType=VARCHAR},
            </if>
            <if test="typeName != null">
                TYPE_NAME = #{typeName,jdbcType=VARCHAR},
            </if>
            <if test="typeMark != null">
                TYPE_MARK = #{typeMark,jdbcType=VARCHAR},
            </if>
            <if test="relationKey != null">
                RELATION_KEY = #{relationKey,jdbcType=VARCHAR},
            </if>
            <if test="parentKey != null">
                PARENT_KEY = #{parentKey,jdbcType=VARCHAR},
            </if>
            <if test="valueStirng != null">
                VALUE_STIRNG = #{valueStirng,jdbcType=VARCHAR},
            </if>
            <if test="textString != null">
                TEXT_STRING = #{textString,jdbcType=VARCHAR},
            </if>
            <if test="sort != null">
                SORT = #{sort,jdbcType=DECIMAL},
            </if>
        </set>
        where KEYCODE = #{keycode,jdbcType=VARCHAR}
    </update>

    <delete id="delByKeycode" parameterType="java.lang.String">
        delete
        from PM_OWN.SURVEY_SYS_CONSTANTS
        where KEYCODE = #{keycode,jdbcType=VARCHAR}
    </delete>

    <select id="getByKeycode" parameterType="java.lang.String" resultMap="BaseResultMap">
        select KEYCODE ,
               TYPE_KEY,
               TYPE_NAME,
               TYPE_MARK,
               RELATION_KEY,
               PARENT_KEY,
               VALUE_STIRNG,
               TEXT_STRING,
               SORT
        from PM_OWN.SURVEY_SYS_CONSTANTS
        where KEYCODE = #{keycode,jdbcType=VARCHAR}
    </select>

    <select id="getCount" parameterType="map" resultType="java.lang.Integer">
        select count(t1.KEYCODE) from PM_OWN.SURVEY_SYS_CONSTANTS t1
        <trim suffixOverrides="and">
            <where>
                <if test="hasTypeKey != null"> t1.TYPE_KEY IS NOT null
                    and
                </if>
                <if test="typeKey != null"> t1.TYPE_KEY = #{typeKey,jdbcType=VARCHAR}
                    and
                </if>
                <if test="typeMark != null"> t1.TYPE_MARK = #{typeMark,jdbcType=VARCHAR}
                    and
                </if>
                <if test="relationKey != null"> t1.RELATION_KEY = #{relationKey,jdbcType=VARCHAR}
                    and
                </if>
                <if test="parentKey != null"> t1.PARENT_KEY = #{parentKey,jdbcType=VARCHAR}
                    and
                </if>
            </where>
        </trim>
    </select>

    <select id="getList" resultMap="BaseResultMap"
            parameterType="map">
        select
        t1.KEYCODE
        <if test="TYPE_KEY != null">, t1.TYPE_KEY</if>
        <if test="TYPE_NAME != null">, t1.TYPE_NAME</if>
        <if test="TYPE_MARK != null">, t1.TYPE_MARK</if>
        <if test="RELATION_KEY != null">, t1.RELATION_KEY</if>
        <if test="PARENT_KEY != null">, t1.PARENT_KEY</if>
        <if test="VALUE_STIRNG != null">, t1.VALUE_STIRNG</if>
        <if test="TEXT_STRING != null">, t1.TEXT_STRING</if>
        <if test="SORT != null">, t1.SORT</if>
        from PM_OWN.SURVEY_SYS_CONSTANTS t1
        <trim suffixOverrides="and">
            <where>
                <if test="hasTypeKey != null"> t1.TYPE_KEY IS NOT null
                    and
                </if>
                <if test="typeKey != null"> t1.TYPE_KEY = #{typeKey,jdbcType=VARCHAR}
                    and
                </if>
                <if test="typeMark != null"> t1.TYPE_MARK = #{typeMark,jdbcType=VARCHAR}
                    and
                </if>
                <if test="relationKey != null"> t1.RELATION_KEY = #{relationKey,jdbcType=VARCHAR}
                    and
                </if>
                <if test="parentKey != null"> t1.PARENT_KEY = #{parentKey,jdbcType=VARCHAR}
                    and
                </if>
            </where>
        </trim>
        ORDER BY t1.SORT
    </select>

</mapper>