<?xml version="1.0" encoding="UTF-8"?>
<!DOCTYPE mapper PUBLIC "-//mybatis.org//DTD Mapper 3.0//EN" "http://mybatis.org/dtd/mybatis-3-mapper.dtd">
<mapper namespace="com.rd.system.mapper.UserGroupMapper">

    <cache type="com.rd.platform.mybatis.MybatisRedisCache"/>

    <resultMap id="BaseResultMap" type="com.rd.system.model.UserGroup">
        <id column="KEYCODE" jdbcType="VARCHAR" property="keycode" />
        <result column="GROUP_NAME" jdbcType="VARCHAR" property="groupName" />
    </resultMap>

    <insert id="insert" parameterType="com.rd.system.model.UserGroup">
        insert into PM_OWN.SURVEY_SYS_GROUP
        <trim prefix="(" suffix=")" suffixOverrides=",">
            <if test="keycode != null">
                KEYCODE,
            </if>
            <if test="groupName != null">
                GROUP_NAME,
            </if>
        </trim>
        <trim prefix="values (" suffix=")" suffixOverrides=",">
            <if test="keycode != null">
                #{keycode,jdbcType=VARCHAR},
            </if>
            <if test="groupName != null">
                #{groupName,jdbcType=VARCHAR},
            </if>
        </trim>
    </insert>

    <update id="update" parameterType="com.rd.system.model.UserGroup">
        update PM_OWN.SURVEY_SYS_GROUP
        <set>
            <if test="groupName != null">
                GROUP_NAME = #{groupName,jdbcType=VARCHAR},
            </if>
        </set>
        where KEYCODE = #{keycode,jdbcType=VARCHAR}
    </update>

    <delete id="delByKeycode" parameterType="java.lang.String">
        delete
        from PM_OWN.SURVEY_SYS_GROUP
        where KEYCODE = #{keycode,jdbcType=VARCHAR}
    </delete>

    <select id="getByKeycode" parameterType="java.lang.String" resultMap="BaseResultMap">
        select KEYCODE,
               GROUP_NAME
        from PM_OWN.SURVEY_SYS_GROUP
        where KEYCODE = #{keycode,jdbcType=VARCHAR}
    </select>

    <select id="getCount" parameterType="map" resultType="java.lang.Integer">
        select count(
          t1.KEYCODE
          ) from PM_OWN.SURVEY_SYS_GROUP t1
        <trim suffixOverrides="and">
            <where>
            </where>
        </trim>
    </select>

    <select id="getList" resultMap="BaseResultMap" parameterType="map">
        select
        t1.KEYCODE
        <if test="groupNameResult != null">, t1.GROUP_NAME</if>
        from PM_OWN.SURVEY_SYS_GROUP t1
        <if test="surveyQuestionId != null">
            LEFT JOIN PM_OWN.SURVEY_QUESTIONS_GROUP t2 ON t1.KEYCODE = t2.GROUP_ID
        </if>
        <if test="surveyId != null">
            LEFT JOIN PM_OWN.SURVEY_INVENTORY_GROUP t3 ON t1.KEYCODE = t3.GROUP_ID
        </if>
        <trim suffixOverrides="and">
            <where>
                <if test="surveyQuestionId != null"> t2.SURVEY_QUESTION_ID = #{surveyQuestionId,jdbcType=VARCHAR} and </if>
                <if test="surveyId != null"> t3.SURVEY_ID = #{surveyId,jdbcType=VARCHAR} and </if>
            </where>
        </trim>
    </select>

    <select id="getGroupList" resultMap="BaseResultMap">
        select grp_id as KEYCODE, grp_name as GROUP_NAME
        FROM proteus_own.pma_prot_grp
    </select>

    <select id="getUserGroupList" resultMap="BaseResultMap" parameterType="java.lang.String">
        select t1.grp_id as KEYCODE, t1.grp_name as GROUP_NAME
        FROM
            proteus_own.pma_prot_grp t1,
            proteus_own.pma_prot_usr_map t2,
            proteus_own.pma_prot_usr t3
        WHERE
            t1.grp_id = t2.grp_id
        AND t2.active_flg = 'Y'
        AND t2.user_id = t3.user_id
        AND t3.unique_id = '#{username,jdbcType=VARCHAR}'
    </select>

</mapper>