<?xml version="1.0" encoding="UTF-8" ?>
<!DOCTYPE mapper PUBLIC "-//mybatis.org//DTD Mapper 3.0//EN" "http://mybatis.org/dtd/mybatis-3-mapper.dtd" >
<mapper namespace="com.rd.survey.mapper.SurveyResultsMapper">

    <cache type="com.rd.platform.mybatis.MybatisRedisCache"/>

    <resultMap id="BaseResultMap" type="com.rd.survey.model.SurveyResults">
        <id column="SURVEY_ANSWER_ID" jdbcType="VARCHAR" property="surveyResultsId"/>
        <result column="SURVEY_ID" jdbcType="VARCHAR" property="surveyId"/>
        <result column="SURVEY_QUESTION_ID" jdbcType="VARCHAR" property="surveyQuestionId"/>
        <result column="SURVEY_OPTION_ID" jdbcType="VARCHAR" property="surveyAnswerId"/>
        <result column="SURVEY_ANSWER_VALUE" jdbcType="DECIMAL" property="surveyAnswerValue"/>
        <result column="SURVEY_ANSWERER_LOGIN" jdbcType="VARCHAR" property="surveyAnswererLogin"/>
        <result column="SURVEY_ANSWERER_FIRST_NAME" jdbcType="VARCHAR" property="surveyAnswererFirstName"/>
        <result column="SURVEY_ANSWERER_LAST_NAME" jdbcType="VARCHAR" property="surveyAnswererLastName"/>
        <result column="LAST_CHG_DATE" jdbcType="TIMESTAMP" property="lastChgDate"/>
    </resultMap>

    <insert id="insert" parameterType="com.rd.survey.model.SurveyResults">
        insert into PM_OWN.PM_OWN.SURVEY_ANSWERS
        <trim prefix="(" suffix=")" suffixOverrides=",">
            <if test="surveyResultsId != null">
                SURVEY_ANSWER_ID,
            </if>
            <if test="surveyId != null">
                SURVEY_ID,
            </if>
            <if test="surveyQuestionId != null">
                SURVEY_QUESTION_ID,
            </if>
            <if test="surveyAnswerId != null">
                SURVEY_OPTION_ID,
            </if>
            <if test="surveyAnswerValue != null">
                SURVEY_ANSWER_VALUE,
            </if>
            <if test="surveyAnswererLogin != null">
                SURVEY_ANSWERER_LOGIN,
            </if>
            <if test="surveyAnswererFirstName != null">
                SURVEY_ANSWERER_FIRST_NAME,
            </if>
            <if test="surveyAnswererLastName != null">
                SURVEY_ANSWERER_LAST_NAME,
            </if>
            <if test="lastChgDate != null">
                LAST_CHG_DATE,
            </if>
        </trim>
        <trim prefix="values (" suffix=")" suffixOverrides=",">
            <if test="surveyResultsId != null">
                #{surveyResultsId,jdbcType=VARCHAR},
            </if>
            <if test="surveyId != null">
                #{surveyId,jdbcType=VARCHAR},
            </if>
            <if test="surveyQuestionId != null">
                #{surveyQuestionId,jdbcType=VARCHAR},
            </if>
            <if test="surveyAnswerId != null">
                #{surveyAnswerId,jdbcType=VARCHAR},
            </if>
            <if test="surveyAnswerValue != null">
                #{surveyAnswerValue,jdbcType=DECIMAL},
            </if>
            <if test="surveyAnswererLogin != null">
                #{surveyAnswererLogin,jdbcType=VARCHAR},
            </if>
            <if test="surveyAnswererFirstName != null">
                #{surveyAnswererFirstName,jdbcType=VARCHAR},
            </if>
            <if test="surveyAnswererLastName != null">
                #{surveyAnswererLastName,jdbcType=VARCHAR},
            </if>
            <if test="lastChgDate != null">
                #{lastChgDate,jdbcType=TIMESTAMP},
            </if>
        </trim>
    </insert>

    <update id="update" parameterType="com.rd.survey.model.SurveyResults">
        update PM_OWN.PM_OWN.SURVEY_ANSWERS
        <set>
            <if test="surveyId != null">
                SURVEY_ID = #{surveyId,jdbcType=VARCHAR},
            </if>
            <if test="surveyQuestionId != null">
                SURVEY_QUESTION_ID = #{surveyQuestionId,jdbcType=VARCHAR},
            </if>
            <if test="surveyAnswerId != null">
                SURVEY_OPTION_ID = #{surveyAnswerId,jdbcType=VARCHAR},
            </if>
            <if test="surveyAnswerValue != null">
                SURVEY_ANSWER_VALUE = #{surveyAnswerValue,jdbcType=DECIMAL},
            </if>
            <if test="surveyAnswererLogin != null">
                SURVEY_ANSWERER_LOGIN = #{surveyAnswererLogin,jdbcType=VARCHAR},
            </if>
            <if test="surveyAnswererFirstName != null">
                SURVEY_ANSWERER_FIRST_NAME = #{surveyAnswererFirstName,jdbcType=VARCHAR},
            </if>
            <if test="surveyAnswererLastName != null">
                SURVEY_ANSWERER_LAST_NAME = #{surveyAnswererLastName,jdbcType=VARCHAR},
            </if>
            <if test="lastChgDate != null">
                LAST_CHG_DATE = #{lastChgDate,jdbcType=TIMESTAMP},
            </if>
        </set>
        where SURVEY_ANSWER_ID = #{surveyResultsId,jdbcType=VARCHAR}
    </update>

    <delete id="delBySurveyResultsId" parameterType="java.lang.String">
        delete
        from PM_OWN.PM_OWN.SURVEY_ANSWERS
        where SURVEY_ANSWER_ID = #{surveyResultsId,jdbcType=VARCHAR}
    </delete>

    <select id="getBySurveyResultsId" resultMap="BaseResultMap"
            parameterType="java.lang.String">
        select
               SURVEY_ANSWER_ID,
               SURVEY_ID,
               SURVEY_QUESTION_ID,
               SURVEY_OPTION_ID,
               SURVEY_ANSWER_VALUE,
               SURVEY_ANSWERER_LOGIN,
               SURVEY_ANSWERER_FIRST_NAME,
               SURVEY_ANSWERER_LAST_NAME,
               LAST_CHG_DATE
        from PM_OWN.PM_OWN.SURVEY_ANSWERS
        where SURVEY_ANSWER_ID = #{surveyResultsId,jdbcType=VARCHAR}
    </select>

    <select id="getCount" parameterType="map" resultType="java.lang.Integer">
        select count(
        t1.SURVEY_ANSWER_ID
        ) from PM_OWN.PM_OWN.SURVEY_ANSWERS t1
        <trim suffixOverrides="and">
            <where>
                <if test="surveyId != null">t1.SURVEY_ID = #{surveyId,jdbcType=VARCHAR} and
                </if>
                <if test="surveyQuestionId != null">t1.SURVEY_QUESTION_ID =
                    #{surveyQuestionId,jdbcType=VARCHAR} and
                </if>
                <if test="surveyAnswerId != null">t1.SURVEY_OPTION_ID =
                    #{surveyAnswerId,jdbcType=VARCHAR}
                    and
                </if>
                <if test="surveyAnswererLogin != null">t1.SURVEY_ANSWERER_LOGIN =
                    #{surveyAnswererLogin,jdbcType=VARCHAR} and
                </if>
                <if test="lastChgDate != null">t1.LAST_CHG_DATE = #{lastChgDate,jdbcType=TIMESTAMP}
                    and
                </if>
            </where>
        </trim>
    </select>

    <select id="getList" resultMap="BaseResultMap" parameterType="map">
        select
        t1.SURVEY_ANSWER_ID
        <if test="surveyIdResult != null">, t1.SURVEY_ID</if>
        <if test="surveyQuestionIdResult != null">, t1.SURVEY_QUESTION_ID</if>
        <if test="surveyAnswerIdResult != null">, t1.SURVEY_OPTION_ID</if>
        <if test="surveyAnswerValueResult != null">, t1.SURVEY_ANSWER_VALUE</if>
        <if test="surveyAnswererLoginResult != null">, t1.SURVEY_ANSWERER_LOGIN</if>
        <if test="surveyAnswererFirstNameResult != null">, t1.SURVEY_ANSWERER_FIRST_NAME</if>
        <if test="surveyAnswererLastNameResult != null">, t1.SURVEY_ANSWERER_LAST_NAME</if>
        <if test="lastChgDateResult != null">, t1.LAST_CHG_DATE</if>
        from PM_OWN.PM_OWN.SURVEY_ANSWERS t1
        <trim suffixOverrides="and">
            <where>
                <if test="surveyId != null">t1.SURVEY_ID = #{surveyId,jdbcType=VARCHAR} and
                </if>
                <if test="surveyQuestionId != null">t1.SURVEY_QUESTION_ID =
                    #{surveyQuestionId,jdbcType=VARCHAR} and
                </if>
                <if test="surveyAnswerId != null">t1.SURVEY_OPTION_ID =
                    #{surveyAnswerId,jdbcType=VARCHAR}
                    and
                </if>
                <if test="surveyAnswererLogin != null">t1.SURVEY_ANSWERER_LOGIN =
                    #{surveyAnswererLogin,jdbcType=VARCHAR} and
                </if>
                <if test="lastChgDate != null">t1.LAST_CHG_DATE = #{lastChgDate,jdbcType=TIMESTAMP}
                    and
                </if>
            </where>
        </trim>
        order by t1.LAST_CHG_DATE DESC
    </select>

    <select id="getChart2" resultMap="BaseResultMap"
            parameterType="map">
        SELECT
        t1.LAST_CHG_DATE,
        AVG(t1.SURVEY_ANSWER_VALUE) as SURVEY_ANSWER_VALUE
        FROM PM_OWN.PM_OWN.SURVEY_ANSWERS t1
        <trim suffixOverrides="and">
            <where>
                <if test="surveyId != null">t1.SURVEY_ID = #{surveyId,jdbcType=VARCHAR} and
                </if>
                <if test="surveyQuestionId != null">t1.SURVEY_QUESTION_ID =
                    #{surveyQuestionId,jdbcType=VARCHAR} and
                </if>
                <if test="surveyAnswererLogin != null">t1.SURVEY_ANSWERER_LOGIN =
                    #{surveyAnswererLogin,jdbcType=VARCHAR} and
                </if>
            </where>
        </trim>
        GROUP BY
        t1.LAST_CHG_DATE
        ORDER BY
        t1.LAST_CHG_DATE
    </select>

    <select id="getChart3" resultMap="BaseResultMap"
            parameterType="map">
        SELECT
        t1.SURVEY_OPTION_ID,
        t2.SORT as SURVEY_ANSWER_SORT,
        AVG(t1.SURVEY_ANSWER_VALUE) as SURVEY_ANSWER_VALUE
        FROM PM_OWN.PM_OWN.SURVEY_ANSWERS t1
        LEFT JOIN PM_OWN.SURVEY_QUESTIONS_OPTIONS t2 ON t1.SURVEY_OPTION_ID = t2.SURVEY_OPTION_ID
        <trim suffixOverrides="and">
            <where>
                <if test="surveyId != null">t1.SURVEY_ID = #{surveyId,jdbcType=VARCHAR} and
                </if>
                <if test="surveyQuestionId != null">t1.SURVEY_QUESTION_ID =
                    #{surveyQuestionId,jdbcType=VARCHAR} and
                </if>
                <if test="surveyAnswererLogin != null">t1.SURVEY_ANSWERER_LOGIN =
                    #{surveyAnswererLogin,jdbcType=VARCHAR} and
                </if>
                <if test="lastChgDate != null">t1.LAST_CHG_DATE = #{lastChgDate,jdbcType=TIMESTAMP}
                    and
                </if>
            </where>
        </trim>
        GROUP BY t1.SURVEY_OPTION_ID, t2.SORT
        ORDER BY t2.SORT
    </select>

    <select id="getSurveyQuestion" resultMap="BaseResultMap"
            parameterType="map">
        SELECT
        t1.SURVEY_ID,
        t1.SURVEY_QUESTION_ID
        FROM PM_OWN.PM_OWN.SURVEY_ANSWERS t1
        <trim suffixOverrides="and">
            <where>
                <if test="surveyAnswererLogin != null">t1.SURVEY_ANSWERER_LOGIN =
                    #{surveyAnswererLogin,jdbcType=VARCHAR} and
                </if>
            </where>
        </trim>
        GROUP BY
        t1.SURVEY_ID, t1.SURVEY_QUESTION_ID
        ORDER BY
        t1.SURVEY_ID, t1.SURVEY_QUESTION_ID
    </select>

    <select id="getSurveyQuestionLogin" resultMap="BaseResultMap"
            parameterType="map">
        SELECT
        t1.SURVEY_ANSWERER_LOGIN
        FROM PM_OWN.SURVEY_ANSWERS t1
        <trim suffixOverrides="and">
            <where>
                <if test="surveyId != null">t1.SURVEY_ID =
                    #{surveyId,jdbcType=VARCHAR} and
                </if>
                <if test="surveyQuestionId != null">t1.SURVEY_QUESTION_ID =
                    #{surveyQuestionId,jdbcType=VARCHAR} and
                </if>
                <if test="surveyAnswerId != null">t1.SURVEY_OPTION_ID =
                    #{surveyAnswerId,jdbcType=VARCHAR} and
                </if>
            </where>
        </trim>
        GROUP BY
        t1.SURVEY_ANSWERER_LOGIN
        ORDER BY
        t1.SURVEY_ANSWERER_LOGIN
    </select>

    <select id="getSurveyQuestionResult" resultMap="BaseResultMap"
            parameterType="map">
        SELECT
        t1.LAST_CHG_DATE,
        t1.SURVEY_ANSWERER_LOGIN
        FROM PM_OWN.SURVEY_ANSWERS t1
        <trim suffixOverrides="and">
            <where>
                <if test="surveyId != null">t1.SURVEY_ID =
                    #{surveyId,jdbcType=VARCHAR} and
                </if>
                <if test="surveyQuestionId != null">t1.SURVEY_QUESTION_ID =
                    #{surveyQuestionId,jdbcType=VARCHAR} and
                </if>
                <if test="surveyAnswerId != null">t1.SURVEY_OPTION_ID =
                    #{surveyAnswerId,jdbcType=VARCHAR} and
                </if>
            </where>
        </trim>
        GROUP BY
        t1.LAST_CHG_DATE,
        t1.SURVEY_ANSWERER_LOGIN
        ORDER BY
        t1.LAST_CHG_DATE,
        t1.SURVEY_ANSWERER_LOGIN
    </select>

    <select id="getSurveyQuestionDifferentResult" resultType="map" parameterType="map">
        SELECT
        T3.SURVEY_ANSWER_VALUE
        FROM
        (
        SELECT
        T2.LAST_CHG_DATE,
        T2.SURVEY_ANSWERER_LOGIN,
        MAX (T2.SURVEY_ANSWER_VALUE) AS SURVEY_ANSWER_VALUE
        FROM
        (
        SELECT
        T1.LAST_CHG_DATE,
        T1.SURVEY_ANSWERER_LOGIN,
        wm_concat (T1.SURVEY_ANSWER_VALUE) OVER (
        PARTITION BY T1.LAST_CHG_DATE,
        T1.SURVEY_ANSWERER_LOGIN
        ORDER BY
        T1.SURVEY_OPTION_ID DESC
        ) AS SURVEY_ANSWER_VALUE
        FROM
        PM_OWN.SURVEY_ANSWERS t1
        <trim suffixOverrides="and">
            <where>
                <if test="surveyQuestionId != null">T1.SURVEY_QUESTION_ID =
                    #{surveyQuestionId,jdbcType=VARCHAR} and
                </if>
            </where>
        </trim>
        ) T2
        GROUP BY
        T2.LAST_CHG_DATE,
        T2.SURVEY_ANSWERER_LOGIN
        ) T3
        GROUP BY
        T3.SURVEY_ANSWER_VALUE
    </select>
</mapper>