<?xml version="1.0" encoding="UTF-8" ?>
<!DOCTYPE mapper PUBLIC "-//mybatis.org//DTD Mapper 3.0//EN" "http://mybatis.org/dtd/mybatis-3-mapper.dtd" >
<mapper namespace="com.rd.survey.mapper.SurveyInventoryMapper">

    <cache type="com.rd.platform.mybatis.MybatisRedisCache"/>

    <resultMap id="BaseResultMap" type="com.rd.survey.model.SurveyInventory">
        <id column="SURVEY_ID" jdbcType="VARCHAR" property="surveyId"/>
        <result column="SURVEY_NAME" jdbcType="VARCHAR" property="surveyName"/>
        <result column="SURVEY_DESC" jdbcType="VARCHAR" property="surveyDesc"/>
        <result column="USER_GROUP" jdbcType="VARCHAR" property="userGroup"/>
        <result column="SURVEY_HORIZON" jdbcType="TIMESTAMP" property="surveyHorizon"/>
        <result column="BEGIN_SURVEY_DATE" jdbcType="TIMESTAMP" property="beginSurveyDate"/>
        <result column="END_SURVEY_DATE" jdbcType="TIMESTAMP" property="endSurveyDate"/>
        <result column="SURVEY_CREATOR" jdbcType="VARCHAR" property="surveyCreator"/>
        <result column="SURVEY_CREATION_DATE" jdbcType="TIMESTAMP" property="surveyCreationDate"/>
        <result column="LAST_CHG_USER" jdbcType="VARCHAR" property="lastChgUser"/>
        <result column="LAST_CHG_DATE" jdbcType="TIMESTAMP" property="lastChgDate"/>
        <result column="EVERYONE" jdbcType="DECIMAL" property="everyone"/>
    </resultMap>

    <insert id="insert" parameterType="com.rd.survey.model.SurveyInventory">
        insert into PM_OWN.SURVEY_INVENTORY
        <trim prefix="(" suffix=")" suffixOverrides=",">
            <if test="surveyId != null">
                SURVEY_ID,
            </if>
            <if test="surveyName != null">
                SURVEY_NAME,
            </if>
            <if test="surveyDesc != null">
                SURVEY_DESC,
            </if>
            <if test="userGroup != null">
                USER_GROUP,
            </if>
            <if test="surveyHorizon != null">
                SURVEY_HORIZON,
            </if>
            <if test="beginSurveyDate != null">
                BEGIN_SURVEY_DATE,
            </if>
            <if test="endSurveyDate != null">
                END_SURVEY_DATE,
            </if>
            <if test="surveyCreator != null">
                SURVEY_CREATOR,
            </if>
            <if test="surveyCreationDate != null">
                SURVEY_CREATION_DATE,
            </if>
            <if test="lastChgUser != null">
                LAST_CHG_USER,
            </if>
            <if test="lastChgDate != null">
                LAST_CHG_DATE,
            </if>
            <if test="everyone != null">
                EVERYONE,
            </if>
        </trim>
        <trim prefix="values (" suffix=")" suffixOverrides=",">
            <if test="surveyId != null">
                #{surveyId,jdbcType=VARCHAR},
            </if>
            <if test="surveyName != null">
                #{surveyName,jdbcType=VARCHAR},
            </if>
            <if test="surveyDesc != null">
                #{surveyDesc,jdbcType=VARCHAR},
            </if>
            <if test="userGroup != null">
                #{userGroup,jdbcType=VARCHAR},
            </if>
            <if test="surveyHorizon != null">
                #{surveyHorizon,jdbcType=TIMESTAMP},
            </if>
            <if test="beginSurveyDate != null">
                #{beginSurveyDate,jdbcType=TIMESTAMP},
            </if>
            <if test="endSurveyDate != null">
                #{endSurveyDate,jdbcType=TIMESTAMP},
            </if>
            <if test="surveyCreator != null">
                #{surveyCreator,jdbcType=VARCHAR},
            </if>
            <if test="surveyCreationDate != null">
                #{surveyCreationDate,jdbcType=TIMESTAMP},
            </if>
            <if test="lastChgUser != null">
                #{lastChgUser,jdbcType=VARCHAR},
            </if>
            <if test="lastChgDate != null">
                #{lastChgDate,jdbcType=TIMESTAMP},
            </if>
            <if test="everyone != null">
                #{everyone,jdbcType=DECIMAL},
            </if>
        </trim>
    </insert>

    <update id="update" parameterType="com.rd.survey.model.SurveyInventory">
        update PM_OWN.SURVEY_INVENTORY
        <set>
            <if test="surveyName != null">
                SURVEY_NAME = #{surveyName,jdbcType=VARCHAR},
            </if>
            <if test="surveyDesc != null">
                SURVEY_DESC = #{surveyDesc,jdbcType=VARCHAR},
            </if>
            <if test="userGroup != null">
                USER_GROUP = #{userGroup,jdbcType=VARCHAR},
            </if>
            <if test="surveyHorizon != null">
                SURVEY_HORIZON = #{surveyHorizon,jdbcType=TIMESTAMP},
            </if>
            <if test="beginSurveyDate != null">
                BEGIN_SURVEY_DATE = #{beginSurveyDate,jdbcType=TIMESTAMP},
            </if>
            <if test="endSurveyDate != null">
                END_SURVEY_DATE = #{endSurveyDate,jdbcType=TIMESTAMP},
            </if>
            <if test="surveyCreator != null">
                SURVEY_CREATOR = #{surveyCreator,jdbcType=VARCHAR},
            </if>
            <if test="surveyCreationDate != null">
                SURVEY_CREATION_DATE = #{surveyCreationDate,jdbcType=TIMESTAMP},
            </if>
            <if test="lastChgUser != null">
                LAST_CHG_USER = #{lastChgUser,jdbcType=VARCHAR},
            </if>
            <if test="lastChgDate != null">
                LAST_CHG_DATE = #{lastChgDate,jdbcType=TIMESTAMP},
            </if>
            <if test="everyone != null">
                EVERYONE = #{everyone,jdbcType=DECIMAL},
            </if>
        </set>
        where SURVEY_ID = #{surveyId,jdbcType=VARCHAR}
    </update>


    <delete id="delBySurveyId" parameterType="java.lang.String">
        delete
        from PM_OWN.SURVEY_INVENTORY
        where SURVEY_ID = #{surveyId,jdbcType=VARCHAR}
    </delete>

    <select id="getBySurveyId" resultMap="BaseResultMap"
            parameterType="java.lang.String">
        select
               SURVEY_ID,
               SURVEY_NAME,
               SURVEY_DESC,
               USER_GROUP,
               SURVEY_HORIZON,
               BEGIN_SURVEY_DATE,
               END_SURVEY_DATE,
               SURVEY_CREATOR,
               SURVEY_CREATION_DATE,
               LAST_CHG_USER,
               LAST_CHG_DATE,
               EVERYONE
        from PM_OWN.SURVEY_INVENTORY
        where SURVEY_ID = #{surveyId,jdbcType=VARCHAR}
    </select>

    <select id="getCount" parameterType="map" resultType="java.lang.Integer">
        select count(
        t1.SURVEY_ID
        ) from PM_OWN.SURVEY_INVENTORY t1
        <if test="groupId != null">
            LEFT JOIN PM_OWN.SURVEY_INVENTORY_GROUP t2 ON t2.SURVEY_ID = t1.SURVEY_ID
        </if>
        <if test="permisionUserKey != null">
            LEFT JOIN PM_OWN.SURVEY_INVENTORY_GROUP t3 ON t3.SURVEY_ID = t1.SURVEY_ID
            LEFT JOIN PM_OWN.SURVEY_SYS_USER_GROUP t4 ON t4.GROUP_KEY = t3.GROUP_ID
        </if>
        <trim suffixOverrides="and">
            <where>
                <if test="groupId != null"> t2.GROUP_ID = #{groupId,jdbcType=VARCHAR} and
                </if>
                <if test="permisionUserKey != null">
                    (t1.EVERYONE = 1 or
                    t4.USER_KEY = #{permisionUserKey,jdbcType=VARCHAR}) and </if>
            </where>
        </trim>
    </select>

    <select id="getList" resultMap="BaseResultMap" parameterType="map">
        select
        t1.SURVEY_ID
        <if test="surveyNameResult != null">, t1.SURVEY_NAME</if>
        <if test="surveyDescResult != null">, t1.SURVEY_DESC</if>
        <if test="userGroupResult != null">, t1.USER_GROUP</if>
        <if test="surveyHorizonResult != null">, t1.SURVEY_HORIZON</if>
        <if test="beginSurveyDateResult != null">, t1.BEGIN_SURVEY_DATE</if>
        <if test="endSurveyDateResult != null">, t1.END_SURVEY_DATE</if>
        <if test="surveyCreatorResult != null">, t1.SURVEY_CREATOR</if>
        <if test="surveyCreationDateResult != null">, t1.SURVEY_CREATION_DATE</if>
        <if test="lastChgUserResult != null">, t1.LAST_CHG_USER</if>
        <if test="lastChgDateResult != null">, t1.LAST_CHG_DATE</if>
        <if test="everyoneResult != null">, t1.EVERYONE</if>
        from PM_OWN.SURVEY_INVENTORY t1
        <if test="groupId != null">
            LEFT JOIN PM_OWN.SURVEY_INVENTORY_GROUP t2 ON t2.SURVEY_ID = t1.SURVEY_ID
        </if>
        <if test="permisionUserKey != null">
            LEFT JOIN PM_OWN.SURVEY_INVENTORY_GROUP t3 ON t3.SURVEY_ID = t1.SURVEY_ID
            LEFT JOIN PM_OWN.SURVEY_SYS_USER_GROUP t4 ON t4.GROUP_KEY = t3.GROUP_ID
        </if>
        <trim suffixOverrides="and">
            <where>
                <if test="groupId != null"> t2.GROUP_ID = #{groupId,jdbcType=VARCHAR} and
                </if>
                <if test="permisionUserKey != null">
                    (t1.EVERYONE = 1 or
                    t4.USER_KEY = #{permisionUserKey,jdbcType=VARCHAR}) and </if>
            </where>
        </trim>
    </select>

</mapper>