<?xml version="1.0" encoding="UTF-8"?>
<!DOCTYPE mapper PUBLIC "-//mybatis.org//DTD Mapper 3.0//EN" "http://mybatis.org/dtd/mybatis-3-mapper.dtd">
<mapper namespace="com.rd.system.mapper.UserUGroupMapper">

    <insert id="insertList" parameterType="java.util.List">
        insert ALL
        <foreach collection="list" item="data">
            into SURVEY_SYS_USER_GROUP (USER_KEY, GROUP_KEY)
            values
            (#{data.userKey,jdbcType=VARCHAR},
            #{data.groupKey,jdbcType=VARCHAR})
        </foreach>
        SELECT 1 FROM DUAL
    </insert>

    <delete id="delByUserKey" parameterType="java.lang.String">
        delete
        from SURVEY_SYS_USER_GROUP
        where USER_KEY = #{userKey,jdbcType=VARCHAR}
    </delete>

    <delete id="delByGroupKey" parameterType="java.lang.String">
        delete
        from SURVEY_SYS_USER_GROUP
        where GROUP_KEY = #{groupKey,jdbcType=VARCHAR}
    </delete>

</mapper>