<?xml version="1.0" encoding="UTF-8"?>
<!DOCTYPE mapper PUBLIC "-//mybatis.org//DTD Mapper 3.0//EN" "http://mybatis.org/dtd/mybatis-3-mapper.dtd">
<mapper namespace="com.rd.system.mapper.LogMapper">

    <cache type="com.rd.platform.mybatis.MybatisRedisCache"/>

    <resultMap id="BaseResultMap" type="com.rd.system.model.Log">
        <id column="KEYCODE" jdbcType="VARCHAR" property="keycode" />
        <result column="USER_KEY" jdbcType="VARCHAR" property="userKey" />
        <result column="CLASS_NAME" jdbcType="VARCHAR" property="className" />
        <result column="METHOD_NAME" jdbcType="VARCHAR" property="methodName" />
        <result column="METHOD_TYPE" jdbcType="VARCHAR" property="methodType" />
        <result column="PARAM_JSON" jdbcType="VARCHAR" property="paramJson" />
        <result column="EXCEPTION_JSON" jdbcType="VARCHAR" property="exceptionJson" />
        <result column="OPERATE_TIME" jdbcType="TIMESTAMP" property="operateTime" />
        <result column="TIME_OUT" jdbcType="VARCHAR" property="timeOut" />
        <result column="OPERATE_IP" jdbcType="VARCHAR" property="operateIp" />
    </resultMap>

    <insert id="insert" parameterType="com.rd.system.model.Log">
        insert into PM_OWN.SURVEY_SYS_LOG
        <trim prefix="(" suffix=")" suffixOverrides=",">
            <if test="keycode != null">
                KEYCODE,
            </if>
            <if test="userKey != null">
                USER_KEY,
            </if>
            <if test="className != null">
                CLASS_NAME,
            </if>
            <if test="methodName != null">
                METHOD_NAME,
            </if>
            <if test="methodType != null">
                METHOD_TYPE,
            </if>
            <if test="paramJson != null">
                PARAM_JSON,
            </if>
            <if test="exceptionJson != null">
                EXCEPTION_JSON,
            </if>
            <if test="operateTime != null">
                OPERATE_TIME,
            </if>
            <if test="timeOut != null">
                TIME_OUT,
            </if>
            <if test="operateIp != null">
                OPERATE_IP,
            </if>
        </trim>
        <trim prefix="values (" suffix=")" suffixOverrides=",">
            <if test="keycode != null">
                #{keycode,jdbcType=VARCHAR},
            </if>
            <if test="userKey != null">
                #{userKey,jdbcType=VARCHAR},
            </if>
            <if test="className != null">
                #{className,jdbcType=VARCHAR},
            </if>
            <if test="methodName != null">
                #{methodName,jdbcType=VARCHAR},
            </if>
            <if test="methodType != null">
                #{methodType,jdbcType=VARCHAR},
            </if>
            <if test="paramJson != null">
                #{paramJson,jdbcType=VARCHAR},
            </if>
            <if test="exceptionJson != null">
                #{exceptionJson,jdbcType=VARCHAR},
            </if>
            <if test="operateTime != null">
                #{operateTime,jdbcType=TIMESTAMP},
            </if>
            <if test="timeOut != null">
                #{timeOut,jdbcType=DECIMAL},
            </if>
            <if test="operateIp != null">
                #{operateIp,jdbcType=VARCHAR},
            </if>
        </trim>
    </insert>

    <update id="update" parameterType="com.rd.system.model.Log">
        update PM_OWN.SURVEY_SYS_LOG
        <set>
            <if test="userKey != null">
                USER_KEY = #{userKey,jdbcType=VARCHAR},
            </if>
            <if test="className != null">
                CLASS_NAME = #{className,jdbcType=VARCHAR},
            </if>
            <if test="methodName != null">
                METHOD_NAME = #{methodName,jdbcType=VARCHAR},
            </if>
            <if test="methodType != null">
                METHOD_TYPE = #{methodType,jdbcType=VARCHAR},
            </if>
            <if test="paramJson != null">
                PARAM_JSON = #{paramJson,jdbcType=VARCHAR},
            </if>
            <if test="exceptionJson != null">
                EXCEPTION_JSON = #{exceptionJson,jdbcType=VARCHAR},
            </if>
            <if test="operateTime != null">
                OPERATE_TIME = #{operateTime,jdbcType=TIMESTAMP},
            </if>
            <if test="timeOut != null">
                TIME_OUT = #{timeOut,jdbcType=DECIMAL},
            </if>
            <if test="operateIp != null">
                OPERATE_IP = #{operateIp,jdbcType=VARCHAR},
            </if>
        </set>
        where KEYCODE = #{keycode,jdbcType=VARCHAR}
    </update>

    <delete id="delByKeycode" parameterType="java.lang.String">
        delete
        from PM_OWN.SURVEY_SYS_LOG
        where KEYCODE = #{keycode,jdbcType=VARCHAR}
    </delete>

    <select id="getByKeycode" parameterType="java.lang.String" resultMap="BaseResultMap">
        select KEYCODE, USER_KEY, CLASS_NAME, METHOD_NAME, METHOD_TYPE, PARAM_JSON, EXCEPTION_JSON,
               OPERATE_TIME, TIME_OUT, OPERATE_IP
        from PM_OWN.SURVEY_SYS_LOG
        where KEYCODE = #{keycode,jdbcType=VARCHAR}
    </select>

    <select id="getCount" parameterType="map" resultType="java.lang.Integer">
        select count(t1.KEYCODE) from PM_OWN.SURVEY_SYS_LOG t1
        <trim suffixOverrides="and">
            <where>
            </where>
        </trim>
    </select>

    <select id="getList" parameterType="map" resultMap="BaseResultMap">
        select t1.KEYCODE
        <if test="USER_KEY != null">, t1.USER_KEY</if>
        <if test="CLASS_NAME != null">, t1.CLASS_NAME</if>
        <if test="METHOD_NAME != null">, t1.METHOD_NAME</if>
        <if test="METHOD_TYPE != null">, t1.METHOD_TYPE</if>
        <if test="PARAM_JSON != null">, t1.PARAM_JSON</if>
        <if test="EXCEPTION_JSON != null">, t1.EXCEPTION_JSON</if>
        <if test="OPERATE_TIME != null">, t1.OPERATE_TIME</if>
        <if test="TIME_OUT != null">, t1.TIME_OUT</if>
        <if test="OPERATE_IP != null">, t1.OPERATE_IP</if>
        from PM_OWN.SURVEY_SYS_LOG t1
        <trim suffixOverrides="and">
            <where>
            </where>
        </trim>
    </select>

</mapper>