<?xml version="1.0" encoding="UTF-8"?>
<!DOCTYPE mapper PUBLIC "-//mybatis.org//DTD Mapper 3.0//EN" "http://mybatis.org/dtd/mybatis-3-mapper.dtd">
<mapper namespace="com.rd.system.mapper.UserRoleMapper">

    <insert id="insertList" parameterType="java.util.List">
        insert ALL
        <foreach collection="list" item="data">
            into PM_OWN.SURVEY_SYS_USER_ROLE (USER_KEY, ROLE_KEY)
            values
            (#{data.userKey,jdbcType=VARCHAR},
            #{data.roleKey,jdbcType=VARCHAR})
        </foreach>
        SELECT 1 FROM DUAL
    </insert>

    <delete id="delByUserKey" parameterType="java.lang.String">
        delete
        from PM_OWN.SURVEY_SYS_USER_ROLE
        where USER_KEY = #{userKey,jdbcType=VARCHAR}
    </delete>

    <delete id="delByRoleKey" parameterType="java.lang.String">
        delete
        from PM_OWN.SURVEY_SYS_USER_ROLE
        where ROLE_KEY = #{roleKey,jdbcType=VARCHAR}
    </delete>

</mapper>