<?xml version="1.0" encoding="UTF-8"?>
<!DOCTYPE mapper PUBLIC "-//mybatis.org//DTD Mapper 3.0//EN" "http://mybatis.org/dtd/mybatis-3-mapper.dtd">
<mapper namespace="com.rd.system.mapper.ResourcesMapper">

    <cache type="com.rd.platform.mybatis.MybatisRedisCache"/>

    <resultMap id="BaseResultMap" type="com.rd.system.model.Resources">
        <id column="KEYCODE" jdbcType="VARCHAR" property="keycode" />
        <result column="PARENT_KEY" jdbcType="VARCHAR" property="parentKey" />
        <result column="NAME" jdbcType="VARCHAR" property="name" />
        <result column="URI" jdbcType="VARCHAR" property="uri" />
        <result column="TYPE" jdbcType="DECIMAL" property="type" />
        <result column="SORT" jdbcType="DECIMAL" property="sort" />
    </resultMap>

    <insert id="insert" parameterType="com.rd.system.model.Resources">
        insert into PM_OWN.SURVEY_SYS_RESOURCES
        <trim prefix="(" suffix=")" suffixOverrides=",">
            <if test="keycode != null">
                KEYCODE,
            </if>
            <if test="parentKey != null">
                PARENT_KEY,
            </if>
            <if test="name != null">
                NAME,
            </if>
            <if test="uri != null">
                URI,
            </if>
            <if test="type != null">
                TYPE,
            </if>
            <if test="sort != null">
                SORT,
            </if>
        </trim>
        <trim prefix="values (" suffix=")" suffixOverrides=",">
            <if test="keycode != null">
                #{keycode,jdbcType=VARCHAR},
            </if>
            <if test="parentKey != null">
                #{parentKey,jdbcType=VARCHAR},
            </if>
            <if test="name != null">
                #{name,jdbcType=VARCHAR},
            </if>
            <if test="uri != null">
                #{uri,jdbcType=VARCHAR},
            </if>
            <if test="type != null">
                #{type,jdbcType=DECIMAL},
            </if>
            <if test="sort != null">
                #{sort,jdbcType=DECIMAL},
            </if>
        </trim>
    </insert>

    <update id="update" parameterType="com.rd.system.model.Resources">
        update PM_OWN.SURVEY_SYS_RESOURCES
        <set>
            <if test="parentKey != null">
                PARENT_KEY = #{parentKey,jdbcType=VARCHAR},
            </if>
            <if test="name != null">
                NAME = #{name,jdbcType=VARCHAR},
            </if>
            <if test="uri != null">
                URI = #{uri,jdbcType=VARCHAR},
            </if>
            <if test="type != null">
                TYPE = #{type,jdbcType=DECIMAL},
            </if>
            <if test="sort != null">
                SORT = #{sort,jdbcType=DECIMAL},
            </if>
        </set>
        where KEYCODE = #{keycode,jdbcType=VARCHAR}
    </update>

    <delete id="delByKeycode" parameterType="java.lang.String">
        delete
        from PM_OWN.SURVEY_SYS_RESOURCES
        where KEYCODE = #{keycode,jdbcType=VARCHAR}
    </delete>

    <select id="getByKeycode" parameterType="java.lang.String" resultMap="BaseResultMap">
        select KEYCODE
                ,
               PARENT_KEY,
               NAME,
               URI,
               TYPE,
               SORT
        from PM_OWN.SURVEY_SYS_RESOURCES
        where KEYCODE = #{keycode,jdbcType=VARCHAR}
    </select>

    <select id="getCount" parameterType="map" resultType="java.lang.Integer">
        select count(t1.KEYCODE) from PM_OWN.SURVEY_SYS_RESOURCES t1
        <if test="userKey != null">
            left join PM_OWN.SURVEY_SYS_ROLE_RESOURCES t2 on t1.KEYCODE = t2.RESOURCES_KEY
            left join PM_OWN.SURVEY_SYS_USER_ROLE t3 on t2.ROLE_KEY = t3.ROLE_KEY
        </if>
        <trim suffixOverrides="and">
            <where>
                <if test="hasUri != null"> t1.URI IS NOT null
                    and
                </if>
                <if test="userKey != null"> t3.USER_KEY = #{userKey,jdbcType=VARCHAR}
                    and
                </if>
            </where>
        </trim>
    </select>

    <select id="getList" parameterType="map" resultMap="BaseResultMap">
        select t1.KEYCODE
        <if test="PARENT_KEY != null">, t1.PARENT_KEY</if>
        <if test="NAME != null">, t1.NAME</if>
        <if test="URI != null">, t1.URI</if>
        <if test="TYPE != null">, t1.TYPE</if>
        <if test="SORT != null">, t1.SORT</if>
        from PM_OWN.SURVEY_SYS_RESOURCES t1
        <if test="userKey != null">
        left join PM_OWN.SURVEY_SYS_ROLE_RESOURCES t2 on t1.KEYCODE = t2.RESOURCES_KEY
        left join PM_OWN.SURVEY_SYS_USER_ROLE t3 on t2.ROLE_KEY = t3.ROLE_KEY
        </if>
        <trim suffixOverrides="and">
            <where>
                <if test="hasUri != null"> t1.URI IS NOT null
                    and
                </if>
                <if test="userKey != null"> t3.USER_KEY = #{userKey,jdbcType=VARCHAR}
                    and
                </if>
            </where>
        </trim>
        order by t1.SORT
    </select>

</mapper>