{
  "state": true,
  "graphInfo":{
    "leftBarName": "Your Previous Answers(Average)",
    "dotName": "Latest Participants Forecast(Average)",
    "rightBarName": "All Participants Previous Answers(Average)",
    "leftBarData": [3, 9, 10, 32, 28, 15, 2, 1],
    "dotData": [5, 10, 15, 20, 20, 15, 10, 5],
    "rightBarData": [2, 8, 15, 25, 35, 5, 7, 3],
    "xData":["<-3std", "-3std to -2std", "-2std to -1std", "-1std to 0std", "0std to 1std", "1std to 2std", "2std to 3std" ,"<3std"]
  }
}