<?xml version="1.0" encoding="UTF-8" ?>
<!DOCTYPE mapper PUBLIC "-//mybatis.org//DTD Mapper 3.0//EN" "http://mybatis.org/dtd/mybatis-3-mapper.dtd" >
<mapper namespace="com.rd.survey.mapper.MarketImpliedDataMapper">

    <cache type="com.rd.platform.mybatis.MybatisRedisCache"/>

    <resultMap id="BaseResultMap" type="com.rd.survey.model.MarketImpliedData">
        <id column="ID" jdbcType="VARCHAR" property="id"/>
        <result column="ASOF_DATE" jdbcType="TIMESTAMP" property="asofDate"/>
        <result column="MACRO_INDEX_ID" jdbcType="VARCHAR" property="macroIndexId"/>
        <result column="STD_VAL" jdbcType="DECIMAL" property="stdVal"/>
        <result column="MKT_IMPLIED_PROBA" jdbcType="DECIMAL" property="mktImpliedProba" />
        <result column="BUCKET_HIGH_STD" jdbcType="DECIMAL" property="bucketHighStd"/>
        <result column="BUCKET_LOW_STD" jdbcType="DECIMAL" property="bucketLowStd"/>
        <result column="BUCKET_HIGH_VAL" jdbcType="DECIMAL" property="bucketHighVal"/>
        <result column="BUCKET_LOW_VAL" jdbcType="DECIMAL" property="bucketLowVal"/>
        <result column="LAST_CHG_USER" jdbcType="VARCHAR" property="lastChgUser"/>
        <result column="LAST_CHG_DATE" jdbcType="TIMESTAMP" property="lastChgDate"/>
    </resultMap>

    <insert id="insert" parameterType="com.rd.survey.model.MarketImpliedData">
        insert into PM_OWN.SURVEY_MARKET_IMPLIED_DATA
        <trim prefix="(" suffix=")" suffixOverrides=",">
            <if test="id != null">
                ID,
            </if>
            <if test="asofDate != null">
                ASOF_DATE,
            </if>
            <if test="macroIndexId != null">
                MACRO_INDEX_ID,
            </if>
            <if test="stdVal != null">
                STD_VAL,
            </if>
            <if test="mktImpliedProba != null">
                MKT_IMPLIED_PROBA,
            </if>
            <if test="bucketHighStd != null">
                BUCKET_HIGH_STD,
            </if>
            <if test="bucketLowStd != null">
                BUCKET_LOW_STD,
            </if>
            <if test="bucketHighVal != null">
                BUCKET_HIGH_VAL,
            </if>
            <if test="bucketLowVal != null">
                BUCKET_LOW_VAL,
            </if>
            <if test="lastChgUser != null">
                LAST_CHG_USER,
            </if>
            <if test="lastChgDate != null">
                LAST_CHG_DATE,
            </if>
        </trim>
        <trim prefix="values (" suffix=")" suffixOverrides=",">
            <if test="id != null">
                #{id,jdbcType=VARCHAR},
            </if>
            <if test="asofDate != null">
                #{asofDate,jdbcType=TIMESTAMP},
            </if>
            <if test="macroIndexId != null">
                #{macroIndexId,jdbcType=VARCHAR},
            </if>
            <if test="stdVal != null">
                #{stdVal,jdbcType=DECIMAL},
            </if>
            <if test="mktImpliedProba != null">
                #{mktImpliedProba,jdbcType=DECIMAL},
            </if>
            <if test="bucketHighStd != null">
                #{bucketHighStd,jdbcType=DECIMAL},
            </if>
            <if test="bucketLowStd != null">
                #{bucketLowStd,jdbcType=DECIMAL},
            </if>
            <if test="bucketHighVal != null">
                #{bucketHighVal,jdbcType=DECIMAL},
            </if>
            <if test="bucketLowVal != null">
                #{bucketLowVal,jdbcType=DECIMAL},
            </if>
            <if test="lastChgUser != null">
                #{lastChgUser,jdbcType=VARCHAR},
            </if>
            <if test="lastChgDate != null">
                #{lastChgDate,jdbcType=TIMESTAMP},
            </if>
        </trim>
    </insert>

    <update id="update" parameterType="com.rd.survey.model.MarketImpliedData">
        update PM_OWN.SURVEY_MARKET_IMPLIED_DATA
        <set>
            <if test="asofDate != null">
                ASOF_DATE = #{asofDate,jdbcType=TIMESTAMP},
            </if>
            <if test="macroIndexId != null">
                MACRO_INDEX_ID = #{macroIndexId,jdbcType=VARCHAR},
            </if>
            <if test="stdVal != null">
                STD_VAL = #{stdVal,jdbcType=DECIMAL},
            </if>
            <if test="mktImpliedProba != null">
                MKT_IMPLIED_PROBA = #{mktImpliedProba,jdbcType=DECIMAL},
            </if>
            <if test="bucketHighStd != null">
                BUCKET_HIGH_STD = #{bucketHighStd,jdbcType=DECIMAL},
            </if>
            <if test="bucketLowStd != null">
                BUCKET_LOW_STD = #{bucketLowStd,jdbcType=DECIMAL},
            </if>
            <if test="bucketHighVal != null">
                BUCKET_HIGH_VAL = #{bucketHighVal,jdbcType=DECIMAL},
            </if>
            <if test="bucketLowVal != null">
                BUCKET_LOW_VAL = #{bucketLowVal,jdbcType=DECIMAL},
            </if>
            <if test="lastChgUser != null">
                LAST_CHG_USER = #{lastChgUser,jdbcType=VARCHAR},
            </if>
            <if test="lastChgDate != null">
                LAST_CHG_DATE = #{lastChgDate,jdbcType=TIMESTAMP},
            </if>
        </set>
        where ID = #{id,jdbcType=VARCHAR}
    </update>

    <delete id="delById" parameterType="java.lang.String">
        delete
        from PM_OWN.SURVEY_MARKET_IMPLIED_DATA
        where ID = #{id,jdbcType=VARCHAR}
    </delete>

    <select id="getById" resultMap="BaseResultMap"
            parameterType="java.lang.String">
        select
               ID,
               ASOF_DATE,
               MACRO_INDEX_ID,
               STD_VAL,
               MKT_IMPLIED_PROBA,
               BUCKET_HIGH_STD,
               BUCKET_LOW_STD,
               BUCKET_HIGH_VAL,
               BUCKET_LOW_VAL,
               LAST_CHG_USER,
               LAST_CHG_DATE
        from PM_OWN.SURVEY_MARKET_IMPLIED_DATA
        where ID = #{id,jdbcType=VARCHAR}
    </select>

    <select id="getCount" parameterType="map" resultType="java.lang.Integer">
        select count(
        t1.ID
        ) from PM_OWN.SURVEY_MARKET_IMPLIED_DATA t1
        <trim suffixOverrides="and">
            <where>
                <if test="asofDate != null">t1.ASOF_DATE = #{asofDate,jdbcType=TIMESTAMP}
                    and
                </if>
                <if test="maxAsofDate != null">
                    NOT EXISTS (
                      SELECT
                        1
                      FROM
                        PM_OWN.SURVEY_MARKET_IMPLIED_DATA t2
                      WHERE
                        t2.ASOF_DATE > t1.ASOF_DATE
                    )
                </if>
            </where>
        </trim>
    </select>

    <select id="getList" resultMap="BaseResultMap"
            parameterType="map">
        select
        t1.ID
        <if test="asofDateResult != null">, t1.ASOF_DATE</if>
        <if test="macroIndexIdResult != null">, t1.MACRO_INDEX_ID</if>
        <if test="stdValResult != null">, t1.STD_VAL</if>
        <if test="mktImpliedProbaResult != null">, t1.MKT_IMPLIED_PROBA</if>
        <if test="bucketHighStdResult != null">, t1.BUCKET_HIGH_STD</if>
        <if test="bucketLowStdResult != null">, t1.BUCKET_LOW_STD</if>
        <if test="bucketHighValResult != null">, t1.BUCKET_HIGH_VAL</if>
        <if test="bucketLowValResult != null">, t1.BUCKET_LOW_VAL</if>
        <if test="lastChgUserResult != null">, t1.LAST_CHG_USER</if>
        <if test="lastChgDateResult != null">, t1.LAST_CHG_DATE</if>
        from PM_OWN.SURVEY_MARKET_IMPLIED_DATA t1
        <trim suffixOverrides="and">
            <where>
                <if test="asofDate != null">t1.ASOF_DATE = #{asofDate,jdbcType=TIMESTAMP}
                    and
                </if>
                <if test="maxAsofDate != null">
                    NOT EXISTS (
                      SELECT
                        1
                      FROM
                        PM_OWN.SURVEY_MARKET_IMPLIED_DATA t2
                      WHERE
                        t2.ASOF_DATE > t1.ASOF_DATE
                    )
                </if>
            </where>
        </trim>
        ORDER BY t1.BUCKET_HIGH_STD
    </select>

</mapper>