<?xml version="1.0" encoding="UTF-8"?>
<!DOCTYPE mapper PUBLIC "-//mybatis.org//DTD Mapper 3.0//EN" "http://mybatis.org/dtd/mybatis-3-mapper.dtd">
<mapper namespace="com.rd.system.mapper.RoleResourcesMapper">

    <insert id="insertList" parameterType="java.util.List">
        insert ALL
        <foreach collection="list" item="data">
            into SURVEY_SYS_ROLE_RESOURCES (ROLE_KEY, RESOURCES_KEY)
            values
            (#{data.roleKey,jdbcType=VARCHAR},
            #{data.resourcesKey,jdbcType=VARCHAR})
        </foreach>
        SELECT 1 FROM DUAL
    </insert>

    <delete id="delByRoleKey" parameterType="java.lang.String">
        delete
        from SURVEY_SYS_ROLE_RESOURCES
        where ROLE_KEY = #{roleKey,jdbcType=VARCHAR}
    </delete>

    <delete id="delByResourcesKey" parameterType="java.lang.String">
        delete
        from SURVEY_SYS_ROLE_RESOURCES
        where RESOURCES_KEY = #{resourcesKey,jdbcType=VARCHAR}
    </delete>

</mapper>