<?xml version="1.0" encoding="UTF-8"?>
<!DOCTYPE mapper PUBLIC "-//mybatis.org//DTD Mapper 3.0//EN" "http://mybatis.org/dtd/mybatis-3-mapper.dtd">
<mapper namespace="com.rd.system.mapper.UserGroupMapper">

    <cache type="com.rd.platform.mybatis.MybatisRedisCache"/>

    <resultMap id="BaseResultMap" type="com.rd.system.model.UserGroup">
        <id column="KEYCODE" jdbcType="VARCHAR" property="keycode" />
        <result column="GROUP_NAME" jdbcType="VARCHAR" property="groupName" />
    </resultMap>

    <insert id="insert" parameterType="com.rd.system.model.UserGroup">
        insert into SURVEY_SYS_GROUP
        <trim prefix="(" suffix=")" suffixOverrides=",">
            <if test="keycode != null">
                KEYCODE,
            </if>
            <if test="groupName != null">
                GROUP_NAME,
            </if>
        </trim>
        <trim prefix="values (" suffix=")" suffixOverrides=",">
            <if test="keycode != null">
                #{keycode,jdbcType=VARCHAR},
            </if>
            <if test="groupName != null">
                #{groupName,jdbcType=VARCHAR},
            </if>
        </trim>
    </insert>

    <update id="update" parameterType="com.rd.system.model.UserGroup">
        update SURVEY_SYS_GROUP
        <set>
            <if test="groupName != null">
                GROUP_NAME = #{groupName,jdbcType=VARCHAR},
            </if>
        </set>
        where KEYCODE = #{keycode,jdbcType=VARCHAR}
    </update>

    <delete id="delByKeycode" parameterType="java.lang.String">
        delete
        from SURVEY_SYS_GROUP
        where KEYCODE = #{keycode,jdbcType=VARCHAR}
    </delete>

    <select id="getByKeycode" parameterType="java.lang.String" resultMap="BaseResultMap">
        select KEYCODE,
               GROUP_NAME
        from SURVEY_SYS_GROUP
        where KEYCODE = #{keycode,jdbcType=VARCHAR}
    </select>

    <select id="getCount" parameterType="map" resultType="java.lang.Integer">
        select count(
          t1.KEYCODE
          ) from SURVEY_SYS_GROUP t1
        <trim suffixOverrides="and">
            <where>
            </where>
        </trim>
    </select>

    <select id="getList" resultMap="BaseResultMap" parameterType="map">
        select
        t1.KEYCODE
        <if test="groupNameResult != null">, t1.GROUP_NAME</if>
        from SURVEY_SYS_GROUP t1
        <if test="surveyQuestionId != null">
            LEFT JOIN SURVEY_QUESTIONS_GROUP t2 ON t1.KEYCODE = t2.GROUP_ID
        </if>
        <if test="surveyId != null">
            LEFT JOIN SURVEY_INVENTORY_GROUP t3 ON t1.KEYCODE = t3.GROUP_ID
        </if>
        <trim suffixOverrides="and">
            <where>
                <if test="surveyQuestionId != null"> t2.SURVEY_QUESTION_ID = #{surveyQuestionId,jdbcType=VARCHAR} and </if>
                <if test="surveyId != null"> t3.SURVEY_ID = #{surveyId,jdbcType=VARCHAR} and </if>
            </where>
        </trim>
    </select>

</mapper>