<?xml version="1.0" encoding="UTF-8" ?>
<!DOCTYPE mapper PUBLIC "-//mybatis.org//DTD Mapper 3.0//EN" "http://mybatis.org/dtd/mybatis-3-mapper.dtd" >
<mapper namespace="com.rd.survey.mapper.SurveyAnswersMapper">

    <cache type="com.rd.platform.mybatis.MybatisRedisCache"/>

    <resultMap id="BaseResultMap" type="com.rd.survey.model.SurveyAnswers">
        <id column="SURVEY_OPTION_ID" jdbcType="VARCHAR" property="surveyAnswerId"/>
        <result column="SURVEY_ID" jdbcType="VARCHAR" property="surveyId"/>
        <result column="SURVEY_QUESTION_ID" jdbcType="VARCHAR" property="surveyQuestionId"/>
        <result column="SURVEY_OPTION" jdbcType="VARCHAR" property="surveyAnswer"/>
        <result column="SURVEY_OPTION_DESC" jdbcType="VARCHAR" property="surveyAnswerDesc"/>
        <result column="MACRO_INDEX_ID" jdbcType="DECIMAL" property="macroIndexId"/>
        <result column="SURVEY_OPTION_CREATOR" jdbcType="VARCHAR" property="surveyAnswerCreator"/>
        <result column="LAST_CHG_USER" jdbcType="VARCHAR" property="lastChgUser"/>
        <result column="LAST_CHG_DATE" jdbcType="TIMESTAMP" property="lastChgDate"/>
        <result column="FREE_INPUT" jdbcType="DECIMAL" property="freeInput"/>
        <result column="SORT" jdbcType="DECIMAL" property="sort"/>
    </resultMap>

    <insert id="insert" parameterType="com.rd.survey.model.SurveyAnswers">
        insert into PM_OWN.SURVEY_QUESTIONS_OPTIONS
        <trim prefix="(" suffix=")" suffixOverrides=",">
            <if test="surveyAnswerId != null">
                SURVEY_OPTION_ID,
            </if>
            <if test="surveyId != null">
                SURVEY_ID,
            </if>
            <if test="surveyQuestionId != null">
                SURVEY_QUESTION_ID,
            </if>
            <if test="surveyAnswer != null">
                SURVEY_OPTION,
            </if>
            <if test="surveyAnswerDesc != null">
                SURVEY_OPTION_DESC,
            </if>
            <if test="macroIndexId != null">
                MACRO_INDEX_ID,
            </if>
            <if test="surveyAnswerCreator != null">
                SURVEY_OPTION_CREATOR,
            </if>
            <if test="lastChgUser != null">
                LAST_CHG_USER,
            </if>
            <if test="lastChgDate != null">
                LAST_CHG_DATE,
            </if>
            <if test="freeInput != null">
                FREE_INPUT,
            </if>
            <if test="sort != null">
                SORT,
            </if>
        </trim>
        <trim prefix="values (" suffix=")" suffixOverrides=",">
            <if test="surveyAnswerId != null">
                #{surveyAnswerId,jdbcType=VARCHAR},
            </if>
            <if test="surveyId != null">
                #{surveyId,jdbcType=VARCHAR},
            </if>
            <if test="surveyQuestionId != null">
                #{surveyQuestionId,jdbcType=VARCHAR},
            </if>
            <if test="surveyAnswer != null">
                #{surveyAnswer,jdbcType=VARCHAR},
            </if>
            <if test="surveyAnswerDesc != null">
                #{surveyAnswerDesc,jdbcType=VARCHAR},
            </if>
            <if test="macroIndexId != null">
                #{macroIndexId,jdbcType=DECIMAL},
            </if>
            <if test="surveyAnswerCreator != null">
                #{surveyAnswerCreator,jdbcType=VARCHAR},
            </if>
            <if test="lastChgUser != null">
                #{lastChgUser,jdbcType=VARCHAR},
            </if>
            <if test="lastChgDate != null">
                #{lastChgDate,jdbcType=TIMESTAMP},
            </if>
            <if test="freeInput != null">
                #{freeInput,jdbcType=DECIMAL},
            </if>
            <if test="sort != null">
                #{sort,jdbcType=DECIMAL},
            </if>
        </trim>
    </insert>

    <update id="update" parameterType="com.rd.survey.model.SurveyAnswers">
        update PM_OWN.SURVEY_QUESTIONS_OPTIONS
        <set>
            <if test="surveyId != null">
                SURVEY_ID = #{surveyId,jdbcType=VARCHAR},
            </if>
            <if test="surveyQuestionId != null">
                SURVEY_QUESTION_ID = #{surveyQuestionId,jdbcType=VARCHAR},
            </if>
            <if test="surveyAnswer != null">
                SURVEY_OPTION = #{surveyAnswer,jdbcType=VARCHAR},
            </if>
            <if test="surveyAnswerDesc != null">
                SURVEY_OPTION_DESC = #{surveyAnswerDesc,jdbcType=VARCHAR},
            </if>
            <if test="macroIndexId != null">
                MACRO_INDEX_ID = #{macroIndexId,jdbcType=DECIMAL},
            </if>
            <if test="surveyAnswerCreator != null">
                SURVEY_OPTION_CREATOR = #{surveyAnswerCreator,jdbcType=VARCHAR},
            </if>
            <if test="lastChgUser != null">
                LAST_CHG_USER = #{lastChgUser,jdbcType=VARCHAR},
            </if>
            <if test="lastChgDate != null">
                LAST_CHG_DATE = #{lastChgDate,jdbcType=TIMESTAMP},
            </if>
            <if test="freeInput != null">
                FREE_INPUT = #{freeInput,jdbcType=DECIMAL},
            </if>
            <if test="sort != null">
                SORT = #{sort,jdbcType=DECIMAL},
            </if>
        </set>
        where SURVEY_OPTION_ID = #{surveyAnswerId,jdbcType=DECIMAL}
    </update>


    <delete id="delBySurveyAnswerId" parameterType="java.lang.String">
        delete
        from PM_OWN.SURVEY_QUESTIONS_OPTIONS
        where SURVEY_OPTION_ID = #{surveyAnswerId,jdbcType=VARCHAR}
    </delete>

    <select id="getBySurveyAnswerId" resultMap="BaseResultMap"
            parameterType="java.lang.String">
        select
               SURVEY_OPTION_ID,
               SURVEY_ID,
               SURVEY_QUESTION_ID,
               SURVEY_OPTION,
               SURVEY_OPTION_DESC,
               MACRO_INDEX_ID,
               SURVEY_OPTION_CREATOR,
               LAST_CHG_USER,
               LAST_CHG_DATE,
               FREE_INPUT,
               SORT
        from PM_OWN.SURVEY_QUESTIONS_OPTIONS
        where SURVEY_OPTION_ID = #{surveyAnswerId,jdbcType=VARCHAR}
    </select>

    <select id="getCount" parameterType="map" resultType="java.lang.Integer">
        select count(
        t1.SURVEY_OPTION_ID
        ) from PM_OWN.SURVEY_QUESTIONS_OPTIONS t1
        <trim suffixOverrides="and">
            <where>
                <if test="surveyId != null">t1.SURVEY_ID = #{surveyId,jdbcType=VARCHAR} and
                </if>
                <if test="surveyQuestionId != null">t1.SURVEY_QUESTION_ID =
                    #{surveyQuestionId,jdbcType=VARCHAR} and
                </if>
            </where>
        </trim>
    </select>

    <select id="getList" resultMap="BaseResultMap" parameterType="map">
        select
        t1.SURVEY_OPTION_ID
        <if test="surveyIdResult != null">, t1.SURVEY_ID</if>
        <if test="surveyQuestionIdResult != null">, t1.SURVEY_QUESTION_ID</if>
        <if test="surveyAnswerResult != null">, t1.SURVEY_OPTION</if>
        <if test="surveyAnswerDescResult != null">, t1.SURVEY_OPTION_DESC</if>
        <if test="macroIndexIdResult != null">, t1.MACRO_INDEX_ID</if>
        <if test="surveyAnswerCreatorResult != null">, t1.SURVEY_OPTION_CREATOR</if>
        <if test="lastChgUserResult != null">, t1.LAST_CHG_USER</if>
        <if test="lastChgDateResult != null">, t1.LAST_CHG_DATE</if>
        <if test="freeInputResult != null">, t1.FREE_INPUT</if>
        <if test="sortResult != null">, t1.SORT</if>
        from PM_OWN.SURVEY_QUESTIONS_OPTIONS t1
        <trim suffixOverrides="and">
            <where>
                <if test="surveyId != null">t1.SURVEY_ID = #{surveyId,jdbcType=VARCHAR} and
                </if>
                <if test="surveyQuestionId != null">t1.SURVEY_QUESTION_ID =
                    #{surveyQuestionId,jdbcType=VARCHAR} and
                </if>
            </where>
        </trim>
        order by t1.SORT
    </select>

</mapper>