<?xml version="1.0" encoding="UTF-8"?>
<!DOCTYPE mapper PUBLIC "-//mybatis.org//DTD Mapper 3.0//EN" "http://mybatis.org/dtd/mybatis-3-mapper.dtd">
<mapper namespace="com.rd.survey.mapper.SurveyUserGroupMapper">

    <insert id="insertList" parameterType="java.util.List">
        insert ALL
        <foreach collection="list" item="data">
            into SURVEY_INVENTORY_GROUP (SURVEY_ID, GROUP_ID)
            values
            (#{data.surveyId,jdbcType=VARCHAR},
            #{data.groupId,jdbcType=VARCHAR})
        </foreach>
        SELECT 1 FROM DUAL
    </insert>

    <delete id="delBySurveyKey" parameterType="java.lang.String">
        delete
        from SURVEY_INVENTORY_GROUP
        where SURVEY_ID = #{surveyId,jdbcType=VARCHAR}
    </delete>

    <delete id="delByGroupKey" parameterType="java.lang.String">
        delete
        from SURVEY_INVENTORY_GROUP
        where GROUP_ID = #{groupId,jdbcType=VARCHAR}
    </delete>

</mapper>