<?xml version="1.0" encoding="UTF-8"?>
<!DOCTYPE mapper PUBLIC "-//mybatis.org//DTD Mapper 3.0//EN" "http://mybatis.org/dtd/mybatis-3-mapper.dtd">
<mapper namespace="com.rd.survey.mapper.QuestionUserGroupMapper">

    <insert id="insertList" parameterType="java.util.List">
        insert ALL
        <foreach collection="list" item="data">
            into SURVEY_QUESTIONS_GROUP (SURVEY_QUESTION_ID, GROUP_ID)
            values
            (#{data.surveyQuestionId,jdbcType=VARCHAR},
            #{data.groupId,jdbcType=VARCHAR})
        </foreach>
        SELECT 1 FROM DUAL
    </insert>

    <delete id="delByQuestionKey" parameterType="java.lang.String">
        delete
        from SURVEY_QUESTIONS_GROUP
        where SURVEY_QUESTION_ID = #{surveyQuestionId,jdbcType=VARCHAR}
    </delete>

    <delete id="delByGroupKey" parameterType="java.lang.String">
        delete
        from SURVEY_QUESTIONS_GROUP
        where GROUP_ID = #{groupId,jdbcType=VARCHAR}
    </delete>

</mapper>