<?xml version="1.0" encoding="UTF-8" ?>
<!DOCTYPE mapper PUBLIC "-//mybatis.org//DTD Mapper 3.0//EN" "http://mybatis.org/dtd/mybatis-3-mapper.dtd" >
<mapper namespace="com.rd.survey.mapper.SurveyQuestionsMapper">

    <cache type="com.rd.platform.mybatis.MybatisRedisCache"/>

    <resultMap id="BaseResultMap" type="com.rd.survey.model.SurveyQuestions">
        <id column="SURVEY_QUESTION_ID" jdbcType="VARCHAR" property="surveyQuestionId"/>
        <result column="SURVEY_ID" jdbcType="VARCHAR" property="surveyId"/>
        <result column="SURVEY_QUESTION" jdbcType="VARCHAR" property="surveyQuestion"/>
        <result column="SURVEY_QUESTION_DESC" jdbcType="VARCHAR" property="surveyQuestionDesc"/>
        <result column="SURVEY_QUESTION_CREATOR" jdbcType="VARCHAR" property="surveyQuestionCreator"/>
        <result column="LAST_CHG_USER" jdbcType="VARCHAR" property="lastChgUser"/>
        <result column="LAST_CHG_DATE" jdbcType="TIMESTAMP" property="lastChgDate"/>
        <result column="SURVEY_QUESTION_TYPE" jdbcType="DECIMAL" property="surveyQuestionType"/>
        <result column="SURVEY_QUESTION_LIMIT" jdbcType="DECIMAL" property="surveyQuestionLimit"/>
        <result column="EVERYONE" jdbcType="DECIMAL" property="everyone"/>
    </resultMap>

    <insert id="insert" parameterType="com.rd.survey.model.SurveyQuestions">
        insert into PM_OWN.SURVEY_QUESTIONS
        <trim prefix="(" suffix=")" suffixOverrides=",">
            <if test="surveyQuestionId != null">
                SURVEY_QUESTION_ID,
            </if>
            <if test="surveyId != null">
                SURVEY_ID,
            </if>
            <if test="surveyQuestion != null">
                SURVEY_QUESTION,
            </if>
            <if test="surveyQuestionDesc != null">
                SURVEY_QUESTION_DESC,
            </if>
            <if test="surveyQuestionCreator != null">
                SURVEY_QUESTION_CREATOR,
            </if>
            <if test="lastChgUser != null">
                LAST_CHG_USER,
            </if>
            <if test="lastChgDate != null">
                LAST_CHG_DATE,
            </if>
            <if test="surveyQuestionType != null">
                SURVEY_QUESTION_TYPE,
            </if>
            <if test="surveyQuestionLimit != null">
                SURVEY_QUESTION_LIMIT,
            </if>
            <if test="everyone != null">
                EVERYONE,
            </if>
        </trim>
        <trim prefix="values (" suffix=")" suffixOverrides=",">
            <if test="surveyQuestionId != null">
                #{surveyQuestionId,jdbcType=VARCHAR},
            </if>
            <if test="surveyId != null">
                #{surveyId,jdbcType=VARCHAR},
            </if>
            <if test="surveyQuestion != null">
                #{surveyQuestion,jdbcType=VARCHAR},
            </if>
            <if test="surveyQuestionDesc != null">
                #{surveyQuestionDesc,jdbcType=VARCHAR},
            </if>
            <if test="surveyQuestionCreator != null">
                #{surveyQuestionCreator,jdbcType=VARCHAR},
            </if>
            <if test="lastChgUser != null">
                #{lastChgUser,jdbcType=VARCHAR},
            </if>
            <if test="lastChgDate != null">
                #{lastChgDate,jdbcType=TIMESTAMP},
            </if>
            <if test="surveyQuestionType != null">
                #{surveyQuestionType,jdbcType=DECIMAL},
            </if>
            <if test="surveyQuestionLimit != null">
                #{surveyQuestionLimit,jdbcType=DECIMAL},
            </if>
            <if test="everyone != null">
                #{everyone,jdbcType=DECIMAL},
            </if>
        </trim>
    </insert>

    <update id="update" parameterType="com.rd.survey.model.SurveyQuestions">
        update PM_OWN.SURVEY_QUESTIONS
        <set>
            <if test="surveyId != null">
                SURVEY_ID = #{surveyId,jdbcType=VARCHAR},
            </if>
            <if test="surveyQuestion != null">
                SURVEY_QUESTION = #{surveyQuestion,jdbcType=VARCHAR},
            </if>
            <if test="surveyQuestionDesc != null">
                SURVEY_QUESTION_DESC = #{surveyQuestionDesc,jdbcType=VARCHAR},
            </if>
            <if test="surveyQuestionCreator != null">
                SURVEY_QUESTION_CREATOR = #{surveyQuestionCreator,jdbcType=VARCHAR},
            </if>
            <if test="lastChgUser != null">
                LAST_CHG_USER = #{lastChgUser,jdbcType=VARCHAR},
            </if>
            <if test="lastChgDate != null">
                LAST_CHG_DATE = #{lastChgDate,jdbcType=TIMESTAMP},
            </if>
            <if test="surveyQuestionType != null">
                SURVEY_QUESTION_TYPE = #{surveyQuestionType,jdbcType=DECIMAL},
            </if>
            <if test="surveyQuestionLimit != null">
                SURVEY_QUESTION_LIMIT = #{surveyQuestionLimit,jdbcType=DECIMAL},
            </if>
            <if test="everyone != null">
                EVERYONE = #{everyone,jdbcType=DECIMAL},
            </if>
        </set>
        where SURVEY_QUESTION_ID = #{surveyQuestionId,jdbcType=VARCHAR}
    </update>


    <delete id="delBySurveyQuestionId" parameterType="java.lang.String">
        delete
        from PM_OWN.SURVEY_QUESTIONS
        where SURVEY_QUESTION_ID = #{surveyQuestionId,jdbcType=VARCHAR}
    </delete>

    <select id="getBySurveyQuestionId" resultMap="BaseResultMap"
            parameterType="java.lang.String">
        select
               SURVEY_QUESTION_ID,
               SURVEY_ID,
               SURVEY_QUESTION,
               SURVEY_QUESTION_DESC,
               SURVEY_QUESTION_CREATOR,
               LAST_CHG_USER,
               LAST_CHG_DATE,
               SURVEY_QUESTION_TYPE，
               SURVEY_QUESTION_LIMIT,
               EVERYONE
        from PM_OWN.SURVEY_QUESTIONS
        where SURVEY_QUESTION_ID = #{surveyQuestionId,jdbcType=VARCHAR}
    </select>

    <select id="getCount" parameterType="map" resultType="java.lang.Integer">
        select count(
        t1.SURVEY_QUESTION_ID
        ) from PM_OWN.SURVEY_QUESTIONS t1
        <if test="groupId != null">
            LEFT JOIN PM_OWN.SURVEY_QUESTIONS_GROUP t2 ON t1.SURVEY_QUESTION_ID = t2.SURVEY_QUESTION_ID
        </if>
        <if test="permisionUserKey != null">
            LEFT JOIN PM_OWN.SURVEY_QUESTIONS_GROUP t3 ON t3.SURVEY_QUESTION_ID = t1.SURVEY_QUESTION_ID
            LEFT JOIN PM_OWN.SURVEY_SYS_USER_GROUP t4 ON t4.GROUP_KEY = t3.GROUP_ID
        </if>
        <trim suffixOverrides="and">
            <where>
                <if test="surveyId != null">t1.SURVEY_ID = #{surveyId,jdbcType=VARCHAR} and
                </if>
                <if test="groupId != null"> t2.GROUP_ID = #{groupId,jdbcType=VARCHAR} and
                </if>
                <if test="permisionUserKey != null">
                    (t1.EVERYONE = 1 or
                    t3.USER_KEY = #{permisionUserKey,jdbcType=VARCHAR}) and </if>
            </where>
        </trim>
    </select>

    <select id="getList" resultMap="BaseResultMap" parameterType="map">
        select
        t1.SURVEY_QUESTION_ID
        <if test="surveyIdResult != null">, t1.SURVEY_ID</if>
        <if test="surveyQuestionResult != null">, t1.SURVEY_QUESTION</if>
        <if test="surveyQuestionDescResult != null">, t1.SURVEY_QUESTION_DESC</if>
        <if test="surveyQuestionCreatorResult != null">, t1.SURVEY_QUESTION_CREATOR</if>
        <if test="lastChgUserResult != null">, t1.LAST_CHG_USER</if>
        <if test="lastChgDateResult != null">, t1.LAST_CHG_DATE</if>
        <if test="surveyQuestionTypeResult != null">, t1.SURVEY_QUESTION_TYPE</if>
        from PM_OWN.SURVEY_QUESTIONS t1
        <if test="groupId != null">
            LEFT JOIN PM_OWN.SURVEY_QUESTIONS_GROUP t2 ON t1.SURVEY_QUESTION_ID = t2.SURVEY_QUESTION_ID
        </if>
        <if test="permisionUserKey != null">
            LEFT JOIN PM_OWN.SURVEY_QUESTIONS_GROUP t3 ON t3.SURVEY_QUESTION_ID = t1.SURVEY_QUESTION_ID
            LEFT JOIN PM_OWN.SURVEY_SYS_USER_GROUP t4 ON t4.GROUP_KEY = t3.GROUP_ID
        </if>
        <trim suffixOverrides="and">
            <where>
                <if test="surveyId != null">t1.SURVEY_ID = #{surveyId,jdbcType=VARCHAR} and
                </if>
                <if test="groupId != null"> t2.GROUP_ID = #{groupId,jdbcType=VARCHAR} and
                </if>
                <if test="permisionUserKey != null">
                    (t1.EVERYONE = 1 or
                    t4.USER_KEY = #{permisionUserKey,jdbcType=VARCHAR}) and </if>
            </where>
        </trim>
    </select>

</mapper>