{
  "state": true,
  "question": [
    {
      "id": 1,
      "title": "US 10y Treasury Yield Level on 12/17/2018.",
      "request": "Please enter forecasted value of the US 10y Treasury Yield on 12/17/2018 in %."
    },
    {
      "id": 2,
      "title": "Expected probability distribution for US 10y Treasury Yield on 12/17/2018.",
      "request": "Please assign expected probabilities to different buckets representing the 10yrs USD Treasury Yield at the horizon date."
    }
  ]
}