{
	"state": true,
	"graphInfo": {
		"nameA": "Your Forecast",
		"nameB": "All Participants Forecasts(Average)",
		"dataA": [
			2.25,
			2.25,
			2.25,
			2.25,
			2.25,
			2.25,
			2.25,
			2.1,
			2.1,
			2.1,
			2.1,
			2.1,
			2.1,
			2.1,
			2.1,
			2,
			2.05
		],
		"dataB": [
			2.4,
			2.4,
			2.4,
			2.4,
			2.4,
			2.45,
			2.45,
			2.3,
			2.3,
			2.35,
			2.35,
			2.35,
			2.25,
			2.15,
			2.15,
			2.15,
			2.05
		],
		"xData": [
			"2018/9/1",
			"2018/9/2",
			"2018/9/3",
			"2018/9/4",
			"2018/9/5",
			"2018/9/6",
			"2018/9/7",
			"2018/9/8",
			"2018/9/9",
			"2018/9/10",
			"2018/9/11",
			"2018/9/12",
			"2018/9/13",
			"2018/9/14",
			"2018/9/15",
			"2018/9/16",
			"2018/9/17"
		]
	}
}