<?xml version="1.0" encoding="UTF-8"?>
<!DOCTYPE mapper PUBLIC "-//mybatis.org//DTD Mapper 3.0//EN" "http://mybatis.org/dtd/mybatis-3-mapper.dtd">
<mapper namespace="com.rd.system.mapper.UserMapper">

    <cache type="com.rd.platform.mybatis.MybatisRedisCache"/>

    <resultMap id="BaseResultMap" type="com.rd.system.model.User">
        <id column="USERNAME" jdbcType="VARCHAR" property="username"/>
        <result column="ENABLE" jdbcType="DECIMAL" property="enable"/>
        <result column="TITLE" jdbcType="VARCHAR" property="title"/>
        <result column="DEPARTMENT" jdbcType="VARCHAR" property="department"/>
        <result column="LOCATION" jdbcType="VARCHAR" property="location"/>
        <result column="LAST_VISIT_TIME" jdbcType="TIMESTAMP" property="lastVisitTime"/>
        <result column="DISPLAY_NAME" jdbcType="VARCHAR" property="displayName"/>
        <result column="USER_TYPE" jdbcType="DECIMAL" property="userType"/>
    </resultMap>

    <insert id="insert" parameterType="com.rd.system.model.User">
        insert into PM_OWN.SURVEY_SYS_USER
        <trim prefix="(" suffix=")" suffixOverrides=",">
            <if test="username != null">
                USERNAME,
            </if>
            <if test="enable != null">
                ENABLE,
            </if>
            <if test="title != null">
                TITLE,
            </if>
            <if test="department != null">
                DEPARTMENT,
            </if>
            <if test="location != null">
                LOCATION,
            </if>
            <if test="lastVisitTime != null">
                LAST_VISIT_TIME,
            </if>
            <if test="displayName != null">
                DISPLAY_NAME,
            </if>
            <if test="userType != null">
                USER_TYPE,
            </if>
        </trim>
        <trim prefix="values (" suffix=")" suffixOverrides=",">
            <if test="username != null">
                #{username,jdbcType=VARCHAR},
            </if>
            <if test="enable != null">
                #{enable,jdbcType=DECIMAL},
            </if>
            <if test="title != null">
                #{title,jdbcType=VARCHAR},
            </if>
            <if test="department != null">
                #{department,jdbcType=VARCHAR},
            </if>
            <if test="location != null">
                #{location,jdbcType=VARCHAR},
            </if>
            <if test="lastVisitTime != null">
                #{lastVisitTime,jdbcType=TIMESTAMP},
            </if>
            <if test="displayName != null">
                #{displayName,jdbcType=VARCHAR},
            </if>
            <if test="userType != null">
                #{userType,jdbcType=DECIMAL},
            </if>
        </trim>
    </insert>

    <update id="update" parameterType="com.rd.system.model.User">
        update PM_OWN.SURVEY_SYS_USER
        <set>
            <if test="enable != null">
                ENABLE = #{enable,jdbcType=DECIMAL},
            </if>
            <if test="title != null">
                TITLE = #{title,jdbcType=VARCHAR},
            </if>
            <if test="department != null">
                DEPARTMENT = #{department,jdbcType=VARCHAR},
            </if>
            <if test="location != null">
                LOCATION = #{location,jdbcType=VARCHAR},
            </if>
            <if test="lastVisitTime != null">
                LAST_VISIT_TIME = #{lastVisitTime,jdbcType=TIMESTAMP},
            </if>
            <if test="displayName != null">
                DISPLAY_NAME = #{displayName,jdbcType=VARCHAR},
            </if>
            <if test="userType != null">
                USER_TYPE = #{userType,jdbcType=DECIMAL},
            </if>
        </set>
        where USERNAME = #{username,jdbcType=VARCHAR}
    </update>

    <delete id="delByUsername" parameterType="java.lang.Object">
        delete
        from PM_OWN.SURVEY_SYS_USER
        where USERNAME = #{username,jdbcType=VARCHAR}
    </delete>

    <select id="getByUsername" parameterType="java.lang.Object" resultMap="BaseResultMap">
        select USERNAME, ENABLE, TITLE, DEPARTMENT, LOCATION, LAST_VISIT_TIME, DISPLAY_NAME, USER_TYPE
        from PM_OWN.SURVEY_SYS_USER
        where USERNAME = #{username,jdbcType=VARCHAR}
    </select>

    <select id="getCount" parameterType="map" resultType="java.lang.Integer">
        select count(t1.USERNAME) from PM_OWN.SURVEY_SYS_USER t1
        <trim suffixOverrides="and">
            <where>
                <if test="ENABLE != null">t1.ENABLE = #{enable,jdbcType=DECIMAL}
                    and
                </if>
            </where>
        </trim>
    </select>

    <select id="getList" parameterType="map" resultMap="BaseResultMap">
        select t1.USERNAME
        <if test="ENABLE != null">, t1.ENABLE</if>
        <if test="TITLE != null">, t1.TITLE</if>
        <if test="DEPARTMENT != null">, t1.DEPARTMENT</if>
        <if test="LOCATION != null">, t1.LOCATION</if>
        <if test="LAST_VISIT_TIME != null">, t1.LAST_VISIT_TIME</if>
        <if test="DISPLAY_NAME != null">, t1.DISPLAY_NAME</if>
        <if test="USER_TYPE != null">, t1.USER_TYPE</if>
        from PM_OWN.SURVEY_SYS_USER t1
        <trim suffixOverrides="and">
            <where>
                <if test="enable != null">t1.ENABLE = #{enable,jdbcType=DECIMAL}
                    and
                </if>
            </where>
        </trim>
        ORDER BY t1.USER_TYPE
    </select>
</mapper>