<?xml version="1.0" encoding="UTF-8"?>
<!DOCTYPE mapper PUBLIC "-//mybatis.org//DTD Mapper 3.0//EN" "http://mybatis.org/dtd/mybatis-3-mapper.dtd">
<mapper namespace="com.rd.system.mapper.RoleMapper">

    <cache type="com.rd.platform.mybatis.MybatisRedisCache"/>

    <resultMap id="BaseResultMap" type="com.rd.system.model.Role">
        <id column="KEYCODE" jdbcType="VARCHAR" property="keycode" />
        <result column="NAME" jdbcType="VARCHAR" property="name" />
    </resultMap>

    <insert id="insert" parameterType="com.rd.system.model.Role">
        insert into PM_OWN.SURVEY_SYS_ROLE
        <trim prefix="(" suffix=")" suffixOverrides=",">
            <if test="keycode != null">
                KEYCODE,
            </if>
            <if test="name != null">
                NAME,
            </if>
        </trim>
        <trim prefix="values (" suffix=")" suffixOverrides=",">
            <if test="keycode != null">
                #{keycode,jdbcType=VARCHAR},
            </if>
            <if test="name != null">
                #{name,jdbcType=VARCHAR},
            </if>
        </trim>
    </insert>

    <update id="update" parameterType="com.rd.system.model.Role">
        update PM_OWN.SURVEY_SYS_ROLE
        <set>
            <if test="name != null">
                NAME = #{name,jdbcType=VARCHAR},
            </if>
        </set>
        where KEYCODE = #{keycode,jdbcType=VARCHAR}
    </update>

    <delete id="delByKeycode" parameterType="java.lang.String">
        delete
        from PM_OWN.SURVEY_SYS_ROLE
        where KEYCODE = #{keycode,jdbcType=VARCHAR}
    </delete>

    <select id="getByKeycode" parameterType="java.lang.String" resultMap="BaseResultMap">
        select KEYCODE
                ,
               NAME
        from PM_OWN.SURVEY_SYS_ROLE
        where KEYCODE = #{keycode,jdbcType=VARCHAR}
    </select>

    <select id="getCount" parameterType="map" resultType="java.lang.Integer">
        select count(t1.KEYCODE) from PM_OWN.SURVEY_SYS_ROLE
        <if test="userKey != null">
            left join PM_OWN.SURVEY_SYS_USER_ROLE t2 on t1.KEYCODE = t2.ROLE_KEY
        </if>
        <if test="_parameter != null">
            <trim suffixOverrides="and">
                <where>
                    <if test="userKey != null"> t2.USER_KEY = #{userKey,jdbcType=VARCHAR}
                        and
                    </if>
                </where>
            </trim>
        </if>
    </select>

    <select id="getList" parameterType="map" resultMap="BaseResultMap">
        select t1.KEYCODE
        <if test="NAME != null">, t1.NAME</if>
        from PM_OWN.SURVEY_SYS_ROLE t1
        <if test="userKey != null">
        left join PM_OWN.SURVEY_SYS_USER_ROLE t2 on t1.KEYCODE = t2.ROLE_KEY
        </if>
        <trim suffixOverrides="and">
            <where>
                <if test="userKey != null"> t2.USER_KEY = #{userKey,jdbcType=VARCHAR}
                    and
                </if>
            </where>
        </trim>
    </select>

</mapper>